<?xml version="1.0" encoding="UTF-8"?>
<beans xmlns="http://www.springframework.org/schema/beans"
    xmlns:xsi="http://www.w3.org/2001/XMLSchema-instance"
    xsi:schemaLocation="
        http://www.springframework.org/schema/beans http://www.springframework.org/schema/beans/spring-beans.xsd">
	<!-- setter based injection -->
	<!--  <bean name="e" class="org.simplilearn.Emp">
		<property name="eno" value="1"/>
		<property name="name" value="suresh"/>
		<property name="address" value="Chennai"/>
	</bean>
	-->
	<!-- Constructor based injection -->
	<bean name="e" class="org.simplilearn.Emp">
		<constructor-arg name="eno" value="1"/>
		<constructor-arg name="name" value="suresh"/>
		<constructor-arg name="address" value="Chennai"/>
	</bean>
</beans>