<?xml version="1.0" encoding="UTF-8"?>
<beans xmlns="http://www.springframework.org/schema/beans"
    xmlns:xsi="http://www.w3.org/2001/XMLSchema-instance"
    xsi:schemaLocation="
        http://www.springframework.org/schema/beans http://www.springframework.org/schema/beans/spring-beans.xsd">
	<bean name="quiz" class="org.simplilearn.Quiz">
		<property name="question" value="What is Java?"/>
		<property name="answers">
			<map>
				<entry key="Java is OOP" value="ram"/>
				<entry key="Java is an island" value="raj"/>
			</map>
		</property>
	</bean>
	
</beans>

