<?xml version="1.0" encoding="UTF-8"?>
<beans xmlns="http://www.springframework.org/schema/beans"
    xmlns:xsi="http://www.w3.org/2001/XMLSchema-instance"
    xsi:schemaLocation="
        http://www.springframework.org/schema/beans http://www.springframework.org/schema/beans/spring-beans.xsd">
	
	<bean name="address" class="org.simplilearn.Address">
		<property name="dno" value="101"/>
		<property name="streetName" value="Gandhi Street"/>
		<property name="loc" value="Chennai"/>
	</bean>
	<bean name="company" class="org.simplilearn.Company">
		<property name="cid" value="1"/>
		<property name="cname" value="Simplilearn"/>
		<property name="designation" value="Consultant"/>
	</bean>
	<bean name="e" class="org.simplilearn.Emp">
		<property name="eno" value="1"/>
		<property name="name" value="suresh"/>
		<property name="address" ref="address"/>
		<property name="company" ref="company"/>
	</bean>
</beans>

