<?xml version="1.0" encoding="UTF-8"?>
<beans xmlns="http://www.springframework.org/schema/beans"
	xmlns:xsi="http://www.w3.org/2001/XMLSchema-instance"
	xsi:schemaLocation="
        http://www.springframework.org/schema/beans http://www.springframework.org/schema/beans/spring-beans.xsd">
	<bean name="c1" class="org.simplilearn.Course">
		<property name="cid" value="1" />
		<property name="cname" value="java" />
		<property name="fee" value="400" />
	</bean>
	<bean name="c2" class="org.simplilearn.Course">
		<property name="cid" value="2" />
		<property name="cname" value=".net" />
		<property name="fee" value="300" />
	</bean>
	<bean name="college" class="org.simplilearn.College">
		<constructor-arg name="collegeName" value="Simplilearn" index="0"/>
		<constructor-arg name="courses">
			<set>
				<ref bean="c1"/>
				<ref bean="c2"/>
			</set>
		</constructor-arg>
		
	</bean>

</beans>       